<?xml version="1.0" encoding="UTF-8"?>
<project-private xmlns="http://www.netbeans.org/ns/project-private/1">
    <editor-bookmarks xmlns="http://www.netbeans.org/ns/editor-bookmarks/2" lastBookmarkId="0"/>
    <open-files xmlns="http://www.netbeans.org/ns/projectui-open-files/2">
        <group>
            <file>file:/C:/Users/Brauner/Desktop/Java%20-%20CCP4/3%20-%20Estagio/Projeto%20Locadora%20-%20Rumo%20Certo/Locadora%20de%20Veiculos/src/com/unipe/locadora/visao/Locacao.java</file>
            <file>file:/C:/Users/Brauner/Desktop/Java%20-%20CCP4/3%20-%20Estagio/Projeto%20Locadora%20-%20Rumo%20Certo/Locadora%20de%20Veiculos/src/com/unipe/locadora/visao/Principal.java</file>
        </group>
    </open-files>
</project-private>
